{"cameraMode":{"drawMode":0,"name":"Shaded","section":"Shading Mode"},"sceneLighting":false,"audioPlay":false,"sceneViewState":{"m_AlwaysRefresh":false,"showFog":true,"showSkybox":false,"showFlares":true,"showImageEffects":true,"showParticleSystems":true,"showVisualEffectGraphs":true,"m_FxEnabled":true},"in2DMode":false,"pivot":{"x":-1.3300000429153443,"y":1.0900001525878907,"z":-19.594335556030275},"rotation":{"x":0.055779699236154559,"y":0.004173551686108112,"z":-0.0009331639157608151,"w":0.998492419719696},"size":1.1157958507537842,"orthographic":false}