{"cameraMode":{"drawMode":0,"name":"Shaded","section":"Shading Mode"},"sceneLighting":false,"audioPlay":false,"sceneViewState":{"m_AlwaysRefresh":false,"showFog":false,"showSkybox":false,"showFlares":false,"showImageEffects":false,"showParticleSystems":false,"showVisualEffectGraphs":true,"m_FxEnabled":true},"in2DMode":false,"pivot":{"x":-0.023951256647706033,"y":0.04347715154290199,"z":-0.010539717972278595},"rotation":{"x":-0.0001880513591459021,"y":0.9997844696044922,"z":0.0026880414225161077,"w":0.026082267984747888},"size":0.06555914878845215,"orthographic":false}