{"cameraMode":{"drawMode":0,"name":"Shaded","section":"Shading Mode"},"sceneLighting":false,"audioPlay":false,"sceneViewState":{"m_AlwaysRefresh":false,"showFog":false,"showSkybox":false,"showFlares":false,"showImageEffects":false,"showParticleSystems":false,"showVisualEffectGraphs":true,"m_FxEnabled":true},"in2DMode":false,"pivot":{"x":0.060120582580566409,"y":0.9143178462982178,"z":0.056533873081207278},"rotation":{"x":0.015425611287355423,"y":-0.9834606051445007,"z":0.08885752409696579,"w":0.15625931322574616},"size":1.6459957361221314,"orthographic":false}