{"cameraMode":{"drawMode":0,"name":"Shaded","section":"Shading Mode"},"sceneLighting":false,"audioPlay":false,"sceneViewState":{"m_AlwaysRefresh":false,"showFog":false,"showSkybox":false,"showFlares":false,"showImageEffects":false,"showParticleSystems":false,"showVisualEffectGraphs":true,"m_FxEnabled":true},"in2DMode":false,"pivot":{"x":-0.002518951892852783,"y":1.013401746749878,"z":0.06526684761047363},"rotation":{"x":-0.0006552539416588843,"y":0.9959628582000732,"z":-0.0856764018535614,"w":0.0014714909484609962},"size":1.6434910297393799,"orthographic":false}