{"cameraMode":{"drawMode":0,"name":"Shaded","section":"Shading Mode"},"sceneLighting":false,"audioPlay":false,"sceneViewState":{"m_AlwaysRefresh":false,"showFog":false,"showSkybox":false,"showFlares":false,"showImageEffects":false,"showParticleSystems":false,"showVisualEffectGraphs":true,"m_FxEnabled":true},"in2DMode":false,"pivot":{"x":-0.17260687053203584,"y":1.4431551694869996,"z":-0.9012750387191773},"rotation":{"x":0.04055892303586006,"y":0.09248427301645279,"z":-0.004484802484512329,"w":0.9949371814727783},"size":0.07177850604057312,"orthographic":false}