{"cameraMode":{"drawMode":0,"name":"Shaded","section":"Shading Mode"},"sceneLighting":false,"audioPlay":false,"sceneViewState":{"m_AlwaysRefresh":false,"showFog":false,"showSkybox":false,"showFlares":false,"showImageEffects":false,"showParticleSystems":false,"showVisualEffectGraphs":true,"m_FxEnabled":true},"in2DMode":false,"pivot":{"x":0.10851901769638062,"y":0.7159929871559143,"z":0.24180744588375092},"rotation":{"x":-0.004980362951755524,"y":-0.9928779006004334,"z":-0.06395434588193894,"w":0.09855597466230393},"size":2.02799129486084,"orthographic":false}