{"cameraMode":{"drawMode":0,"name":"Shaded","section":"Shading Mode"},"sceneLighting":false,"audioPlay":false,"sceneViewState":{"m_AlwaysRefresh":false,"showFog":true,"showSkybox":false,"showFlares":true,"showImageEffects":true,"showParticleSystems":true,"showVisualEffectGraphs":true,"m_FxEnabled":true},"in2DMode":false,"pivot":{"x":0.00657828152179718,"y":1.241616129875183,"z":-0.003498077392578125},"rotation":{"x":0.10796436667442322,"y":0.047378845512866977,"z":-0.005173471290618181,"w":0.9929405450820923},"size":1.53977632522583,"orthographic":false}