{"cameraMode":{"drawMode":0,"name":"Shaded","section":"Shading Mode"},"sceneLighting":false,"audioPlay":false,"sceneViewState":{"m_AlwaysRefresh":false,"showFog":false,"showSkybox":false,"showFlares":false,"showImageEffects":false,"showParticleSystems":false,"showVisualEffectGraphs":true,"m_FxEnabled":true},"in2DMode":false,"pivot":{"x":0.0002105236053466797,"y":1.1647312641143799,"z":0.024033069610595704},"rotation":{"x":-0.017895959317684175,"y":-0.9804346561431885,"z":-0.1150461956858635,"w":0.1588226705789566},"size":1.157963752746582,"orthographic":false}