{"cameraMode":{"drawMode":0,"name":"Shaded","section":"Shading Mode"},"sceneLighting":false,"audioPlay":false,"sceneViewState":{"m_AlwaysRefresh":false,"showFog":false,"showSkybox":false,"showFlares":false,"showImageEffects":false,"showParticleSystems":false,"showVisualEffectGraphs":true,"m_FxEnabled":true},"in2DMode":false,"pivot":{"x":0.028132889419794084,"y":0.09043020755052567,"z":-0.9171919226646423},"rotation":{"x":-0.015344525687396527,"y":0.9843928813934326,"z":-0.14595438539981843,"w":-0.09538684040307999},"size":1.8646001815795899,"orthographic":false}