{"cameraMode":{"drawMode":0,"name":"Shaded","section":"Shading Mode"},"sceneLighting":false,"audioPlay":false,"sceneViewState":{"m_AlwaysRefresh":false,"showFog":true,"showSkybox":false,"showFlares":true,"showImageEffects":true,"showParticleSystems":true,"showVisualEffectGraphs":true,"m_FxEnabled":true},"in2DMode":false,"pivot":{"x":-2.2957053184509279,"y":1.3224025964736939,"z":-5.199452877044678},"rotation":{"x":-0.11161684989929199,"y":-0.20505627989768983,"z":0.023424306884407998,"w":-0.971990704536438},"size":0.000017320508050033823,"orthographic":false}