{"cameraMode":{"drawMode":0,"name":"Shaded","section":"Shading Mode"},"sceneLighting":false,"audioPlay":false,"sceneViewState":{"m_AlwaysRefresh":false,"showFog":true,"showSkybox":false,"showFlares":true,"showImageEffects":true,"showParticleSystems":true,"showVisualEffectGraphs":true,"m_FxEnabled":true},"in2DMode":false,"pivot":{"x":-0.4539705216884613,"y":0.8849572539329529,"z":-4.482527732849121},"rotation":{"x":-0.11205769330263138,"y":-0.09465780854225159,"z":0.010602119378745556,"w":-0.9890360236167908},"size":0.000017320508050033823,"orthographic":false}