{"cameraMode":{"drawMode":0,"name":"Shaded","section":"Shading Mode"},"sceneLighting":false,"audioPlay":false,"sceneViewState":{"m_AlwaysRefresh":false,"showFog":false,"showSkybox":false,"showFlares":false,"showImageEffects":false,"showParticleSystems":false,"showVisualEffectGraphs":true,"m_FxEnabled":true},"in2DMode":false,"pivot":{"x":-0.0041517228819429878,"y":0.05365602672100067,"z":0.0015317434445023537},"rotation":{"x":-0.0012535835849121214,"y":0.9977013468742371,"z":-0.06775296479463577,"w":-0.015886744484305383},"size":0.03161242604255676,"orthographic":false}