{"cameraMode":{"drawMode":0,"name":"Shaded","section":"Shading Mode"},"sceneLighting":false,"audioPlay":false,"sceneViewState":{"m_AlwaysRefresh":false,"showFog":false,"showSkybox":false,"showFlares":false,"showImageEffects":false,"showParticleSystems":false,"showVisualEffectGraphs":true,"m_FxEnabled":true},"in2DMode":false,"pivot":{"x":0.10577139258384705,"y":0.3782470226287842,"z":-0.20715396106243134},"rotation":{"x":0.002716819988563657,"y":-0.9772583842277527,"z":0.007403289433568716,"w":0.2098519504070282},"size":1.5760778188705445,"orthographic":false}